{
    "type": "origins:action_on_hit",
    "bientity_action": {
        "type": "origins:damage",
        "amount": 6,
        "source": {
            "name": "cramming.player",
            "bypasses_armor": true
        }
    },
    "cooldown": 100,
    "hud_render": {
    "should_render": true,
    "sprite_location": "origins:textures/gui/community/spiderkolo/resource_bar_02.png",
    "bar_index": 19
    },
    "name": "Bite",
    "description": "You can deliver a strong bite to your opponent."
}