{
    "type": "origins:modify_food",
    "item_condition": {
        "type": "origins:ingredient",
        "ingredient": {
            "item": "origins:meat"
        }
    },
    "food_modifier": {
        "name": "Increased food points",
        "operation": "addition",
        "value": 3.0
    },
    "saturation_modifier": {
        "name": "Increased saturation points",
        "operation": "addition",
        "value": 1
    },
    "always_edible": true,
    "prevent_effects": true,
    "name": "Trash Panda",
    "description": "Due to your scavenger nature, you can eat almost anything with no consequence."
}