{
    "name":"Ride",
    "description":"Mount any entity, including players.",
    "type":"origins:multiple",
    "players":{
       "type":"extraorigins:start_riding",
       "key":{
          "key":"key.use"
       }
    },
    "mobs":{
       "type":"origins:action_on_entity_use",
       "bientity_action":{
          "type":"origins:and",
          "actions":[
             {
                "type":"origins:mount"
             },
             {
                "type":"origins:tame"
             }
          ]
       },
       "bientity_condition":{
          "type":"origins:and",
          "conditions":[
             {
                "type":"origins:distance",
                "comparison":"<=",
                "compare_to":5
             }
          ]
       },
       "item_condition":{
          "type":"origins:empty"
       },
       "hands":[
          "main_hand"
       ]
    }
 }