{
    "name": "Blood Bind",
    "description": "Those coated in blood will be crushed",
    "condition": {
        "type": "origins:creative_flying"
    },
    "type": "origins:active_self",
    "entity_action": {
        "type": "origins:and",
        "actions": [
            {
                "type": "origins:execute_command",
                "command": "/give @p minecraft:potion{CustomPotionEffects:[{Id:1,Amplifier:1,Duration:600},{Id:5,Amplifier:1,Duration:600},{Id:7,Amplifier:19},{Id:16,Duration:600},{Id:24,Duration:600},{Id:29,Duration:600},{Id:30,Duration:600}],CustomPotionColor:0,display:{Name:\"\\\"Liquid Death\\\"\"}}"
            },
            {
                "type": "origins:play_sound",
                "sound": "entity.sheep.shear",
                "volume": 1,
                "pitch": 1
            },
            {
                "type": "origins:spawn_particles",
                "particle": "wax_on",
                "count": 8,
                "speed": 2,
                "force": true,
                "spread": {
                    "x": 0.5,
                    "y": 0.5,
                    "z": 0.5
                }
            }
        ]
    },
    "cooldown": 5000,
    "hud_render": {
        "should_render": true,
        "sprite_location": "origins:textures/gui/community/spiderkolo/resource_bar_03.png",
        "bar_index": 17
    },
    "key": {
        "key": "key.origins.secondary_active"
    }
}