{
    "name": "Blood Rian",
    "description": "Blood will rain, you shall rise",
    "condition": {
        "type": "origins:and",
        "conditions": [
            {
                "inverted": true,
                "type": "origins:on_block"
            },
            {
                "inverted": true,
                "type": "origins:submerged_in",
                "fluid": "0"
            }
        ]
    },
    "type": "origins:active_self",
    "entity_action": {
        "type": "origins:and",
        "actions": [
            {
                "type": "origins:add_velocity",
                "y": 0.7,
                "space": "world",
                "client": true,
                "server": true
            },
            {
                "type": "origins:damage",
                "amount": 1,
                "source": {
                    "name": "magic",
                    "magic": true
                }
            },
            {
                "type": "origins:spawn_particles",
                "particle": "dripping_lava",
                "count": 25,
                "speed": 0,
                "spread": {
                    "x": 0.3,
                    "y": 0.3,
                    "z": 0.3
                }
            }
        ]
    },
    "cooldown": 6,
    "key": {
        "key": "key.jump"
    }
}