{
    "name": "Deaths Door",
    "description": "Welcome to the edge of death, would you like to get closer?",
    "type": "origins:active_self",
    "entity_action": {
        "type": "origins:and",
        "actions": [
            {
                "type": "origins:apply_effect",
                "effect": {
                    "effect": "speed",
                    "duration": 600,
                    "amplifier": 1,
                    "show_particles": true,
                    "show_icon": false
                },
                "effects": [
                    {
                        "effect": "haste",
                        "duration": 600,
                        "amplifier": 1,
                        "show_particles": true,
                        "show_icon": false
                    },
                    {
                        "effect": "strength",
                        "duration": 600,
                        "amplifier": 1,
                        "show_particles": true,
                        "show_icon": false
                    },
                    {
                        "effect": "night_vision",
                        "duration": 600,
                        "amplifier": 0,
                        "show_particles": true,
                        "show_icon": false
                    },
                    {
                        "effect": "glowing",
                        "duration": 600,
                        "amplifier": 0,
                        "show_particles": true,
                        "show_icon": true
                    },
                    {
                        "effect": "conduit_power",
                        "duration": 600,
                        "amplifier": 0,
                        "show_particles": true,
                        "show_icon": false
                    },
                    {
                        "effect": "dolphins_grace",
                        "duration": 599,
                        "amplifier": 0,
                        "show_particles": true,
                        "show_icon": false
                    }
                ]
            },
            {
                "type": "origins:damage",
                "amount": 30,
                "source": {
                    "name": "magic",
                    "magic": true
                }
            },
            {
                "type": "origins:play_sound",
                "sound": "block.end_portal.spawn",
                "volume": 1,
                "pitch": 0
            }
        ]
    },
    "cooldown": 5000,
    "hud_render": {
        "should_render": true,
        "sprite_location": "origins:textures/gui/community/spiderkolo/resource_bar_03.png",
        "bar_index": 17
    },
    "key": {
        "key": "key.origins.secondary_active"
    }
}